Reference,Value,Footprint,Cost100,Digikey,Notes,Substitutable,LCSC
BT1,Battery,Swadge_Parts:2460,116,36-2460-ND,Use through-hole AA Battery Holder in Style of Keystone 2460,Y,
BT2,Battery,Swadge_Parts:2460,116,36-2460-ND,Use through-hole AA Battery Holder in Style of Keystone 2460,Y,
BT3,Battery,Swadge_Parts:2460,116,36-2460-ND,Use through-hole AA Battery Holder in Style of Keystone 2460,Y,
C11,0.01μF,Swadge_Parts:C_0603_1608Metric,10,,0603 Package,Y,
C12,0.01μF,Swadge_Parts:C_0603_1608Metric,10,,0603 Package,Y,
C3,0.1μF,Swadge_Parts:C_0603_1608Metric,10,,0603 Package,Y,
C13,0.1μF,Swadge_Parts:C_0603_1608Metric,10,,0603 Package,Y,
C16,0.1μF,Swadge_Parts:C_0603_1608Metric,10,,0603 Package,Y,
C18,0.1μF,Swadge_Parts:C_0603_1608Metric,10,,0603 Package,Y,
C19,0.1μF,Swadge_Parts:C_0603_1608Metric,10,,0603 Package,Y,
C9,0.22μF,Swadge_Parts:C_0603_1608Metric,10,,0603 Package,Y,
C10,0.22μF,Swadge_Parts:C_0603_1608Metric,10,,0603 Package,Y,
C15,10μF,Swadge_Parts:C_0603_1608Metric,10,,0603 Package,Y,
C17,10μF,Swadge_Parts:C_0603_1608Metric,10,,0603 Package,Y,
C1,1μF,Swadge_Parts:C_0603_1608Metric,10,,0603 Package,Y,
C4,1μF,Swadge_Parts:C_0603_1608Metric,10,,0603 Package,Y,
C5,1μF,Swadge_Parts:C_0603_1608Metric,10,,0603 Package,Y,
C6,1μF,Swadge_Parts:C_0603_1608Metric,10,,0603 Package,Y,
C14,2.2μF,Swadge_Parts:C_0603_1608Metric,10,,0603 Package,Y,
C2,22μF,Swadge_Parts:C_0603_1608Metric,10,,0603 Package,Y,
C7,22μF,Swadge_Parts:C_0603_1608Metric,10,,0603 Package,Y,
C8,22μF,Swadge_Parts:C_0603_1608Metric,10,,0603 Package,Y,
D7,D,Swadge_Parts:D_SMA,9,2616-GS1J-ND,,Y,
D9,D,Swadge_Parts:D_SMA,9,2616-GS1J-ND,,Y,
D8,SP0503BAHT,Swadge_Parts:SOT-143,95,F2715CT-ND,,Y,
D1,WS2812B,Swadge_Parts:LED_WS2812B_PLCC4_5.0x5.0mm_P3.2mm,45,1528-1104-ND,Use WS2812B LED. Digikey item is x10,Y,
D2,WS2812B,Swadge_Parts:LED_WS2812B_PLCC4_5.0x5.0mm_P3.2mm,45,1528-1104-ND,Use WS2812B LED. Digikey item is x10,Y,
D3,WS2812B,Swadge_Parts:LED_WS2812B_PLCC4_5.0x5.0mm_P3.2mm,45,1528-1104-ND,Use WS2812B LED. Digikey item is x10,Y,
D4,WS2812B,Swadge_Parts:LED_WS2812B_PLCC4_5.0x5.0mm_P3.2mm,45,1528-1104-ND,Use WS2812B LED. Digikey item is x10,Y,
D5,WS2812B,Swadge_Parts:LED_WS2812B_PLCC4_5.0x5.0mm_P3.2mm,45,1528-1104-ND,Use WS2812B LED. Digikey item is x10,Y,
D6,WS2812B,Swadge_Parts:LED_WS2812B_PLCC4_5.0x5.0mm_P3.2mm,45,1528-1104-ND,Use WS2812B LED. Digikey item is x10,Y,
J1,CurrentMonitor,Swadge_Parts:PinHeader_1x02_P2.54mm_Vertical,10,S1011EC-02-ND,,Y,
J4,DEBUG_BANK_A,Swadge_Parts:PinHeader_2x07_P2.54mm_Vertical,25,2057-PH2-14-UA-ND,,Y,
J3,DEBUG_BANK_B,Swadge_Parts:PinHeader_2x07_P2.54mm_Vertical,25,2057-PH2-14-UA-ND,,Y,
J2,DEBUG_BANK_C,Swadge_Parts:PinHeader_2x07_P2.54mm_Vertical,25,2057-PH2-14-UA-ND,,Y,
J8,LCD18,Swadge_Parts:PinHeader_1x03_P2.54mm_Vertical,10,1849-1003-ND,,Y,
J9,LCD28,Swadge_Parts:PinHeader_1x03_P2.54mm_Vertical,10,1849-1003-ND,,Y,
J7,LEDK_J,Swadge_Parts:PinHeader_1x02_P2.54mm_Vertical,10,S1011EC-02-ND,,Y,
J5,MICSEL,Swadge_Parts:PinHeader_1x03_P2.54mm_Vertical,10,1849-1003-ND,,Y,
J6,TRYMIC,Swadge_Parts:PinSocket_1x02_P2.54mm_Vertical,90,A26451-ND,,Y,
L2,100uH,Swadge_Parts:L_1210_3225Metric,0.0466,,,Y,C1322422
L1,2.2uH,Swadge_Parts:L_0603_1608Metric,0.019,,,Y,C394950
L3,2.2uH,Swadge_Parts:L_0603_1608Metric,0.019,,,Y,C394950
LS1,Buzzer,Swadge_Parts:Buzzer_12x9.5RM7.6,9.32,,Use piezo buzzer. 1 ~{ 25V operating voltage. 12.5mm diameter. 5mm between the leads},Y,C219727
MK1,Microphone,Swadge_Parts:CMA-4544PF-W,70,102-1721-ND,,Y,
M1,VZ43FC1B5640007L,Swadge_Parts:VZ43FC1B5640007L,214,1670-VZ43FC1B5640007LTR-ND,Vibration Motor, 3VDC,Y,
P1,USB_C_Plug_USB2.0,Swadge_Parts:USB_C_Receptacle_HRO_TYPE-C-31-M-12,7.19,,https://www.usb.org/sites/default/files/documents/usb_type-c.zip,,C2765186
Q2,AP2003_PN_FET,Swadge_Parts:SOT-23-6,,,,,C2849575
Q3,AP2003_PN_FET,Swadge_Parts:SOT-23-6,,,,,C2849575
Q4,AP2003_PN_FET,Swadge_Parts:SOT-23-6,,,,,C2849575
Q1,Q_N_FET,Swadge_Parts:SOT-23,0.0182,,,,C2763847
R4,100Ω,Swadge_Parts:R_0603_1608Metric,10,,0603 Package,Y,
R1,10kΩ,Swadge_Parts:R_0603_1608Metric,10,,0603 Package,Y,
R6,10kΩ,Swadge_Parts:R_0603_1608Metric,10,,0603 Package,Y,
R7,10kΩ,Swadge_Parts:R_0603_1608Metric,10,,0603 Package,Y,
R8,10kΩ,Swadge_Parts:R_0603_1608Metric,10,,0603 Package,Y,
R22,10kΩ,Swadge_Parts:R_0603_1608Metric,10,,0603 Package,Y,
R24,10kΩ,Swadge_Parts:R_0603_1608Metric,10,,0603 Package,Y,
R26,10kΩ,Swadge_Parts:R_0603_1608Metric,10,,0603 Package,Y,
R10,10Ω,Swadge_Parts:R_0603_1608Metric,10,,0603 Package,Y,
R23,10Ω,Swadge_Parts:R_0603_1608Metric,10,,0603 Package,Y,
R9,220kΩ,Swadge_Parts:R_0603_1608Metric,10,,0603 Package,Y,
R13,33Ω,Swadge_Parts:R_0603_1608Metric,10,,0603 Package,Y,
R14,33Ω,Swadge_Parts:R_0603_1608Metric,10,,0603 Package,Y,
R21,43kΩ,Swadge_Parts:R_0603_1608Metric,10,,0603 Package,Y,
R25,43kΩ,Swadge_Parts:R_0603_1608Metric,10,,0603 Package,Y,
R5,47kΩ,Swadge_Parts:R_0603_1608Metric,10,,0603 Package,Y,
R11,47Ω,Swadge_Parts:R_0603_1608Metric,10,,0603 Package,Y,
R12,47Ω,Swadge_Parts:R_0603_1608Metric,10,,0603 Package,Y,
R15,680Ω,Swadge_Parts:R_0603_1608Metric,10,,0603 Package,Y,
R16,680Ω,Swadge_Parts:R_0603_1608Metric,10,,0603 Package,Y,
R17,680Ω,Swadge_Parts:R_0603_1608Metric,10,,0603 Package,Y,
R18,680Ω,Swadge_Parts:R_0603_1608Metric,10,,0603 Package,Y,
R19,680Ω,Swadge_Parts:R_0603_1608Metric,10,,0603 Package,Y,
R20,680Ω,Swadge_Parts:R_0603_1608Metric,10,,0603 Package,Y,
R2,NP/3.3kΩ,Swadge_Parts:R_0603_1608Metric,10,,0603 Package,Y,
R3,NP/3.3kΩ,Swadge_Parts:R_0603_1608Metric,10,,0603 Package,Y,
SW1,4-1437565-2,Swadge_Parts:SW_4-1437565-2,34,450-1759-1-ND,Use standard SMT box tactile buttons.  Similar to PTS645SM43SMTR92.,Y,
SW2,4-1437565-2,Swadge_Parts:SW_4-1437565-2,34,450-1759-1-ND,Use standard SMT box tactile buttons.  Similar to PTS645SM43SMTR92.,Y,
SW3,4-1437565-2,Swadge_Parts:SW_4-1437565-2,34,450-1759-1-ND,Use standard SMT box tactile buttons.  Similar to PTS645SM43SMTR92.,Y,
SW4,4-1437565-2,Swadge_Parts:SW_4-1437565-2,34,450-1759-1-ND,Use standard SMT box tactile buttons.  Similar to PTS645SM43SMTR92.,Y,
SW5,4-1437565-2,Swadge_Parts:SW_4-1437565-2,34,450-1759-1-ND,Use standard SMT box tactile buttons.  Similar to PTS645SM43SMTR92.,Y,
SW6,4-1437565-2,Swadge_Parts:SW_4-1437565-2,34,450-1759-1-ND,Use standard SMT box tactile buttons.  Similar to PTS645SM43SMTR92.,Y,
SW7,4-1437565-2,Swadge_Parts:SW_4-1437565-2,34,450-1759-1-ND,Use standard SMT box tactile buttons.  Similar to PTS645SM43SMTR92.,Y,
SW8,4-1437565-2,Swadge_Parts:SW_4-1437565-2,34,450-1759-1-ND,Use standard SMT box tactile buttons.  Similar to PTS645SM43SMTR92.,Y,
SW9,4-1437565-2,Swadge_Parts:SW_4-1437565-2,34,450-1759-1-ND,Use standard SMT box tactile buttons.  Similar to PTS645SM43SMTR92.,Y,
SW10,BLISTER_SILICONE_BUTTON,Swadge_Parts:BTC007_Button_Silicone,,,DNP,,
SW14,SW_SPDT,Swadge_Parts:SW_SPDT_PCM12,96,401-2016-1-ND,Use SPDT slide switch. Similar to PCM12SMTR,Y,
SW11,touch-ring-6,Swadge_Parts:Touch_Teeth_5,,,DNP,,
U2,BUS_PCIexpress,Swadge_Parts:BUS_PCIexpress,0,609-2029-ND,,Y,
U1,ESP32-S2-SOLO,Swadge_Parts:ESP32-S2-SOLO,240,1965-ESP32-S2-SOLO-N4R2TR-ND,,N,
U9,GENERIC_LDO_1.8,Swadge_Parts:SOT-23,,,,,C347373
U10,GENERIC_LDO_2.8,Swadge_Parts:SOT-23,,,,,C347374
U4,GS321-TR,Swadge_Parts:SOT-23-5,7.73,MCP6001UT-I/OTCT-ND,,Y,C157695
U6,INGHAi_GSPK2308P-8R0.5W,Swadge_Parts:INGHAi GSPK2308P-8R0.5W,54,668-1135-ND,,Y,C530532
U12,LCD_135x240_1.14_13,Swadge_Parts:LCD_135x240_1.14_13,,,DNP,,
U11,LCD_240x240_1.3_12,Swadge_Parts:LCD_240x240_1.3_12,Unknown,,DNP,,
U15,LCD_240x240_1.54_12,Swadge_Parts:LCD_240x240_1.54_12,Unknown,,DNP,,
U3,MT3410,Swadge_Parts:SOT-23-5,6.19,,May be FP6396, M3406, LP3220S, etc...,Yes,C883494
U5,QMA7981,Swadge_Parts:QMA6981,3082,,,N,C457290
