Designator,Val,Package,Mid X,Mid Y,Rotation,Layer
BT1,Battery,2460,-99.77,-99.97,-100,bottom
BT2,Battery,2460,-150,-115.55,0,bottom
BT3,Battery,2460,-200.03,-99.97,100,bottom
C1,1μF,C_0603_1608Metric,-181.1,-59.8,116,bottom
C2,22μF,C_0603_1608Metric,-178,-61,116,bottom
C3,0.1μF,C_0603_1608Metric,-185.4,-59.4,-64,bottom
C4,1μF,C_0603_1608Metric,-97.6,-138.8,180,bottom
C5,1μF,C_0603_1608Metric,-204.9875,-140.2,180,bottom
C6,1μF,C_0603_1608Metric,-109,-57,0,bottom
C7,22μF,C_0603_1608Metric,-182.5,-100.9,0,bottom
C8,.22μF,C_0603_1608Metric,-126,-75.6,-135,bottom
C9,0.01μF,C_0603_1608Metric,-181.64,-66.85,-150,bottom
C10,.22μF,C_0603_1608Metric,-129.85,-79.45,-135,bottom
C11,.22μF,C_0603_1608Metric,-128.1,-77.7,-135,bottom
C12,.22μF,C_0603_1608Metric,-175.75,-93.75,180,bottom
C13,.22μF,C_0603_1608Metric,-131.6,-81.2,-135,bottom
C14,.22μF,C_0603_1608Metric,-142.45,-83.65,-90,bottom
C15,.22μF,C_0603_1608Metric,-157.15,-83.5625,-90,bottom
C16,0.1μF,C_0603_1608Metric,-133,-106,0,bottom
C17,10μF,C_0603_1608Metric,-149.5,-99,0,bottom
C18,.22μF,C_0603_1608Metric,-176.75,-89.25,180,bottom
C19,1μF,C_0603_1608Metric,-132.5,-101.5,90,bottom
C20,22μF,C_0603_1608Metric,-148.75,-69.5625,-90,bottom
C21,10μF,C_0603_1608Metric,-149.0125,-73.5,0,bottom
C22,22μF,C_0603_1608Metric,-150.5,-104.5,0,bottom
C23,0.1μF,C_0603_1608Metric,-130.5,-101.5,90,bottom
C24,1μF,C_0603_1608Metric,-213.3,-117.4,-80,bottom
C25,0.1μF,C_0603_1608Metric,-134.5,-101.5,90,bottom
C26,0.01μF,C_0603_1608Metric,-159.325,-101.9375,90,bottom
C27,0.1μF,C_0603_1608Metric,-163.95,-101.8625,-90,bottom
D9,SP0503BAHT,SOT-143,-123.3,-67.95,-90,bottom
D10,D,D_SMA,-149.41,-128.41,180,bottom
D11,D,D_SMA,-151.5,-101.57,0,bottom
J1,SAO,PinSocket_2x03_P2.54mm_Vertical,-103.686069,-61.289655,100,bottom
L1,33uH_500mA,L_1210_3225Metric,-146.5,-105,0,bottom
L3,2.2uH,L_1008_2520Metric,-175.5,-103.85,90,bottom
P1,USB_C_Plug_USB2.0,USB_C_Receptacle_HRO_TYPE-C-31-M-12,-127.43,-58.01,-19,bottom
Q1,Q_PMOS_GSD,SOT-23,-146,-101.5,-90,bottom
R1,10kΩ,R_0603_1608Metric,-180,-61.5,-64,bottom
R2,10Ω,R_0603_1608Metric,-144.9,-68.6,0,bottom
R3,2.2k,R_0603_1608Metric,-145.91,-71.14,-90,bottom
R4,100Ω,R_0603_1608Metric,-122.15,-104.85,-150,bottom
R5,100kΩ,R_0603_1608Metric,-151.76,-69.62,-90,bottom
R6,43kΩ,R_0603_1608Metric,-151.71,-72.73,-90,bottom
R7,10kΩ,R_0603_1608Metric,-146,-99,180,bottom
R8,0Ω,R_0603_1608Metric,-133,-104,180,bottom
R9,0Ω,R_0603_1608Metric,-138.5,-99.5,90,bottom
R10,3.3kΩ,R_0603_1608Metric,-167.1,-92.05,135,bottom
R11,3.3kΩ,R_0603_1608Metric,-165.35,-92.625,-45,bottom
R12,0Ω,R_0603_1608Metric,-163.95,-97.5,-135,bottom
R13,33Ω,R_0603_1608Metric,-150.85,-78.05,180,bottom
R14,33Ω,R_0603_1608Metric,-150.85,-79.8,180,bottom
R15,680Ω,R_0603_1608Metric,-186.229056,-80.795576,-170,bottom
R16,680Ω,R_0603_1608Metric,-186.75,-83.75,-170,bottom
R17,680Ω,R_0603_1608Metric,-186.489528,-82.272788,-170,bottom
R18,0Ω,R_0603_1608Metric,-165.125,-98.65,-135,bottom
R19,680Ω,R_0603_1608Metric,-187.010473,-85.227211,-170,bottom
R20,680Ω,R_0603_1608Metric,-187.270945,-86.704423,-170,bottom
R21,43kΩ,R_0603_1608Metric,-175.7,-84.95,-90,bottom
R22,10kΩ,R_0603_1608Metric,-181.06,-64.37,30,bottom
R23,10Ω,R_0603_1608Metric,-160.27,-75.69,150,bottom
R24,10kΩ,R_0603_1608Metric,-182.5,-104.9,180,bottom
R25,43kΩ,R_0603_1608Metric,-182.5,-102.9,0,bottom
R26,10kΩ,R_0603_1608Metric,-140.5,-99.5,-90,bottom
SW9,SW_SPDT_1825232-1,1825232-1,-150,-137.17,180,bottom
U1,ESP32-S2-SOLO,ESP32-S2-SOLO,-171.655521,-72.471684,-154,bottom
U3,MT3410,SOT-23-5,-179,-102.9,0,bottom
U7,GENERIC_LDO_2.8,SOT-23,-129.5,-105,-90,bottom
U8,QMA7981,QMA6981,-161.4,-101.9,180,bottom
ART1,art_20th_logo,20th_Logo,195,-98,0,top
ART2,art_d_pad,d-pad,110.63,-81.199808,0,top
ART3,art_eyebrow,eyebrow,139.84,-66.98,0,top
ART4,art_melee_logo,Melee_Logo,105,-101,0,top
ART5,art_select_start,select-start,150,-80,0,top
ART6,art_curved_touch_bar_chevron,curved-touch-bar-chevrons,192.625782,-69.876208,-35,top
ART7,art_squarewavebird,squarewavebird,150,-133.02,0,top
C28,100nSpc,C_1210_3225Metric_Pad1.33x2.70mm_HandSolder,207.575,-140.625,-33,top
C29,100nSpc,C_1210_3225Metric_Pad1.33x2.70mm_HandSolder,92.925,-141.575,-140,top
C30,100nSpc,C_1210_3225Metric_Pad1.33x2.70mm_HandSolder,212.7,-97.725,0,top
C31,100nSpc,C_1210_3225Metric_Pad1.33x2.70mm_HandSolder,186,-54.95,-90,top
C32,100nSpc,C_1210_3225Metric_Pad1.33x2.70mm_HandSolder,118.75,-118.825,180,top
C33,100nSpc,C_1210_3225Metric_Pad1.33x2.70mm_HandSolder,113.975,-54.875,90,top
C34,100nSpc,C_1210_3225Metric_Pad1.33x2.70mm_HandSolder,181.25,-118.825,0,top
C35,100nSpc,C_1210_3225Metric_Pad1.33x2.70mm_HandSolder,87.3,-97.725,180,top
D1,SK6812-SIDE-A,SK6812_SIDE_2,118.853957,-111.271119,-104,top
D2,SK6812-SIDE-A,SK6812_SIDE_2,97.98,-143.66,180,top
D3,SK6812-SIDE-A,SK6812_SIDE_2,88.19,-90.74,90,top
D4,SK6812-SIDE-A,SK6812_SIDE_2,107.955458,-56.56121,22,top
D5,SK6812-SIDE-D,SK6812D_SIDE,192.044542,-56.56121,-22,top
D6,SK6812-SIDE-D,SK6812D_SIDE,211.81,-90.74,-90,top
D7,SK6812-SIDE-D,SK6812D_SIDE,202.02,-143.66,180,top
D8,SK6812-SIDE-D,SK6812D_SIDE,181.146043,-111.271119,104,top
J3,PGM,PinHeader_1x05_P2.54mm_Vertical,126.450115,-91.310648,0,top
LS1,Buzzer,Buzzer_12.5x7.5,158,-71.24,90,top
MK1,Microphone,INGHAi GMI6050P-56DB,141.1,-71.64,0,top
MK2,Microphone,GOERTEK_MIC_B4013AM423,135.375,-71.175,0,top
Ref**,Val**,Controller_Shape,150,-100,0,top
SW1,TS-1109S-A-A,YTS-D003-1A,110.63,-74.464616,-45,top
SW2,TS-1109S-A-A,YTS-D003-1A,117.365192,-81.199808,-135,top
SW3,TS-1109S-A-A,YTS-D003-1A,103.894808,-81.199808,45,top
SW4,TS-1109S-A-A,YTS-D003-1A,110.63,-87.935,135,top
SW5,TS-1109S-A-A,YTS-D003-1A,143.65,-85,0,top
SW6,TS-1109S-A-A,YTS-D003-1A,156.35,-85,0,top
SW7,B3FS-4002P,B3FS4002P,175.87,-83.199808,90,top
SW8,B3FS-4002P,B3FS4002P,188.27,-79.199808,90,top
U5,RB017A1505A_Connector,HCTL HC-FPC-03-10-15RLTAG,136.525701,-91.194683,0,top
U6,Controller_Shields,shields,150,-100,0,top
