Comment,Designator,Footprint,LCSC
"art_20th_logo","ART1","Swadge_Parts:20th_Logo",""
"art_d_pad","ART2","Swadge_Parts:d-pad",""
"art_eyebrow","ART3","Swadge_Parts:eyebrow",""
"art_melee_logo","ART4","Swadge_Parts:Melee_Logo",""
"art_select_start","ART5","Swadge_Parts:select-start",""
"art_curved_touch_bar_chevron","ART6","Swadge_Parts:curved-touch-bar-chevrons",""
"art_squarewavebird","ART7","Swadge_Parts:squarewavebird",""
"menu_loop","ART8","Swadge_Parts:MenuLoop",""
"Battery","BT1,BT2,BT3","Swadge_Parts:2460",""
"1μF","C1,C4,C5,C6,C19,C24","Swadge_Parts:C_0603_1608Metric","C15849"
"10μF","C17","Swadge_Parts:C_0603_1608Metric","C96446"
"22μF","C2,C7,C20,C22","Swadge_Parts:C_0603_1608Metric","C86295"
"0.01μF","C26","Swadge_Parts:C_0603_1608Metric","C14663"
"0.1μF","C3,C16,C23,C25,C27","Swadge_Parts:C_0603_1608Metric","C282519"
"4.7nF","C9","Swadge_Parts:C_0603_1608Metric","C53987"
"SK6812-SIDE-A","D1,D2,D3,D4","Swadge_Parts:SK6812D_SIDE","C2890037"
"D","D10,D11","Swadge_Parts:D_SMA","C22452"
"SK6812-SIDE-D","D5,D6,D7,D8","Swadge_Parts:SK6812D_SIDE","C2890041"
"SP0503BAHT","D9","Swadge_Parts:SOT-143","C2682275"
"SAO","J1","Swadge_Parts:PinSocket_2x03_P2.54mm_Vertical","C92272"
"PGM","J3","Swadge_Parts:PinHeader_1x05_P2.54mm_Vertical","NP_390683"
"33uH_500mA","L1","Swadge_Parts:L_1210_3225Metric","C90317"
"2.2uH","L3","Swadge_Parts:L_1008_2520Metric","C216158"
"Buzzer","LS1","Swadge_Parts:Buzzer_12.5x7.5","C219727"
"Microphone","MK2","Swadge_Parts:GOERTEK_MIC_B4013AM423","C2835889"
"USB_C_Plug_USB2.0","P1","Swadge_Parts:USB_C_Receptacle_HRO_TYPE-C-31-M-12","C2765186"
"Q_PMOS_GSD","Q1","Swadge_Parts:SOT-23","C2763847"
"10kΩ","R1,R7,R22,R24,R26","Swadge_Parts:R_0603_1608Metric","C25804"
"3.3kΩ","R10,R11","Swadge_Parts:R_0603_1608Metric","C22978"
"33Ω","R13,R14","Swadge_Parts:R_0603_1608Metric","C23140"
"22Ω","R2","Swadge_Parts:R_0603_1608Metric","C23345"
"43kΩ","R21,R25","Swadge_Parts:R_0603_1608Metric","C23172"
"10Ω","R23","Swadge_Parts:R_0603_1608Metric","C22859"
"5.1kΩ","R27,R28","Swadge_Parts:R_0603_1608Metric","C23186"
"13k","R3","Swadge_Parts:R_0603_1608Metric","C22797"
"100Ω","R4","Swadge_Parts:R_0603_1608Metric","C22775"
"NP","R5,R6","Swadge_Parts:R_0603_1608Metric","NP"
"0Ω","R8,R9,R12,R15,R16,R17,R18,R19,R20,R29","Swadge_Parts:R_0603_1608Metric","C21189"
"YTS-D003-1A","SW1,SW2,SW3,SW4,SW5,SW6","Swadge_Parts:YTS-D003-1A","C2910918"
"B3FS-4002P","SW7,SW8","Swadge_Parts:B3FS4002P","C2929546"
"SW_SPDT_1825232-1","SW9","Swadge_Parts:1825232-1","C393937"
"ESP32-S2-SOLO","U1","Swadge_Parts:ESP32-S2-SOLO","C3013947"
"RB017A1505A","U2","Swadge_Parts:NULL",""
"MT3410","U3","Swadge_Parts:SOT-23-5","C883494"
"RB017A1505A_Connector","U5","Swadge_Parts:HCTL HC-FPC-03-10-15RLTAG","C3012328"
"Controller_Shields","U6","Swadge_Parts:shields","C124375"
"GENERIC_LDO_2.8","U7","Swadge_Parts:SOT-23","C347374"
"QMA7981","U8","Swadge_Parts:QMA6981","C457290"